id_vendor,nama_vendor,alamat_vendor,kontak_vendor,created_by,updated_by
1,HERU JAYA ACCU,"JL. Sedati, Desa Ketajen Kec Gedangan",085655373177 / 085733152557,SYSTEM,-
2,SURYA KENCANA MOTOR,JL. Raya Gub. Priyo Sunandar 120 Bypass Krian Sidoarjo ,085 237233410,SYSTEM,-
3,BERKAH MOTOR,Pasir Raya Timur 25 Blijon Wedi Gedangan Sidoarjo,083 847533300,SYSTEM,-
4,PUSAKA MOTORS,Jl. Raya A. Yani No. 72 Gedangan Sidoarjo,031-8912254 / 081 23244519,SYSTEM,-
5,SERVICE RADIATOR SABAR,JL. Raya Juanda Lama Dpn. SPBU Primkopal Juanda Sidoarjo,081 217814989,SYSTEM,-
6,UD. HANURA,Jl. Garuda No. 4 Betro Sedati - Sidoarjo,031-8666794 / 081234950000,SYSTEM,-
7,PRIBUMI TEHNIK,JL. Ujung Gebang No. 4 Sukira Indramayu,0234 610248,SYSTEM,-
8,SINAR JAYA,JL. Raya Tropodo No. 67 Waru Sidoarjo,031 8672874 / 085 100986771,SYSTEM,-
9,SUMBER JAYA MOTOR,JL. Setia Budi 75 Denpasar Bali,0361 420287,SYSTEM,-
10,AGAVA AUTOMOTIVE,JL. Satria Kav. C-5 RT.08 RW.04 Betro Sedati Sidoarjo,087 853290707,SYSTEM,-
11,KARYA MANDIRI KAMPAS,JL. Mubarok Dsn. Bungkil Gedangan Sidoarjo,082 264327729,SYSTEM,-
12,PUTRA BANGKIT,Ds. Sambiroto RT. 24 RW. 04 Taman Sidoarjo,085 730223292,SYSTEM,-
13,TAMBAL BAN CAK KIN,Blijon Wedi Gedangan,-,SYSTEM,-
14,PUTRA MANDIRI MOTOR,JL. Raya Dungus No. 29 Sukodono Sidoarjo,031-99782948,SYSTEM,-
15,CV. KAWAN SEJAHTERA SEDAYA,Sapphire Residence Blok 5A No.19 Prasung Buduran Sidoarjo,081 234603810,SYSTEM,-
16,PAK TOHIR TAMBAL BAN,JL. Raya Juanda-Sedati,081 357304770,SYSTEM,-
17,AGUS STYLE BAN,JL. Raya Pabean No. 4 Sedati - Sidoarjo,081 21720764,SYSTEM,-
18,MOBIL BAN,JL. Pregolan No.1 Bluru Kidul Sidoarjo,031 8056952,SYSTEM,-
19,MONO BAN,JL. Raya Kuripan 181,089 669930518,SYSTEM,-
20,TAMBAL BAN BANG KUMIS,Bulusan - Banyuwangi,-,SYSTEM,-
21,NAINGGOLAN TAMBAL BAN,Karawang Timur,-,SYSTEM,-
22,RFA BAN,JL. Raya Tegal - Pemalang (Kedungkelor),085 200181782,SYSTEM,-
23,PT. BAN SENTRA NIAGA,Ruko Pondok Chandra JL. Ralem TE-38 Waru Sidoarjo,031 99041705,SYSTEM,-
24,BANGKIT LAKSANA JAYA BAN,JL. Raya Bambe No.43 Bambe Driyorejo Gresik,081 13469900,SYSTEM,-
25,CV. TIMUR JAYA,-,-,SYSTEM,-
26,TAWANGSARI MOTOR,JL. By Pass Apollo Gempol,085 731800498,SYSTEM,-
27,KECICANG JAYA,Jl. Raya Ngerong Gempol - Pasuruan,081333011041 / 085234421994,SYSTEM,-
28,PUTRA MANDIRI AUTOPARTS,Lingkar Timur Sidoarjo,081 259755689,SYSTEM,-
29,TOKO BESI SUMBER URIP,JL. A. Yani 47 Gedangan,031 8546369,SYSTEM,-
30,SAHABAT TEHNIK,JL. Raya Pilang Wonoayu Sidoarjo,085335356967,SYSTEM,-
31,SARI BUMI,JL. Rajawali No.22A Kepuh Betro Sedati Sidoarjo,085 102256999,SYSTEM,-
32,INDAH BEKLEED,Sedati Agung,081 233173811,SYSTEM,-
33,TUNGGAL JAYA MOTOR,-,-,SYSTEM,-
34,BENGKEL REPARASI MESIN TRI AGUNG TRIONO,"JL. Kusuma Bangsa 28 Belahan, Randubangu, Mojosari Mojokerto",0321 597680 / 081 331514971,SYSTEM,-
35,CV. KAWAN LAMA JAYA,-,-,SYSTEM,-
36,REAL MOTOR SURABAYA,JL. Demak Timur No.06 Gundih Bubutan Surabaya,081 252919014,SYSTEM,-
37,RODA PANTHER,"JL. Solo-Wonogiri Km.9 Ngirirejo, Bulakrejo, Sukoharjo",081 393472565,SYSTEM,-
38,BERKAT JAYA MOTOR,SURABAYA,-,SYSTEM,-
39,TANJUNG SARI,Bulakamba Brebes ,081 892511490,SYSTEM,-
40,CV. HARAPAN JAYA IMMANUEL,JL. Raya Gedangan No.15,031 8541066 / 8541327,SYSTEM,-
41,ALFAMART,-,-,SYSTEM,-
42,TOKO RENES,Jl. Garuda 125 Betro - SEDATI,082140414449 / 031 34368591,SYSTEM,-
43,PT. SINAR GLOBAL SOLUSINDO,Komp. City Resort Residences Blok J No.22E JL. Malibu Raya Cengkareng,021 6606888,SYSTEM,-
44,DINAMO TIGA SATU,JL. Garuda No. 32 Sidoarjo,081 553199834,SYSTEM,-
45,MM,Pasuruan,-,SYSTEM,-
46,SUKINEM MOTOR,"JL. Bypass Gempol, Dsn. Sejo Karangrejo Gempol Pasuruan",089 5326845959,SYSTEM,-
47,PERMATA JAYA,Terminal Truk Guyangan,081 359171991,SYSTEM,-
48,LEGACY ELECTRONIC,-,0888 4800 868,SYSTEM,-
49,ONEWAY KACA FILM,JL. Raya Gelam No. 42 Gelam Candi Sidoarjo,0821 80017400,SYSTEM,-
50,TOKO 3 KARUNIA MULIA,-,-,SYSTEM,-
51,DAMAR MOTOR,"JL. Lombok Kemurang, Exit Tol Pejagan",082 328676767,SYSTEM,-
52,TOKO JAYA SENTOSA MOTOR,-,081 65427117,SYSTEM,-
53,ANDI JAYA MOTOR,JL. Raya Patrol Indramayu (Dpn. Polsek Patrol),0234 611622 / 081 221226993,SYSTEM,-
54,BITUNG MOTOR,JL. Raya Serang KM. 10.5 Bitung-Tangerang,021 59490987 / 081 930888835,SYSTEM,-
55,PT. MARINA SRI HARTA,Griya Permata Blok G1 No.02 Gedangan Sidoarjo 61254,031 8556077,SYSTEM,-
56,AHLI KUNCI IMMOBILIZER,JL. Rajawali No.4 Betro Sedati Sidoarjo,081 330555496,SYSTEM,-
57,UD. HARAPAN JAYA,JL. Raya Jemursari No.219 Prapen Tenggilis Surabaya,-,SYSTEM,-
58,ANDRI MOTOR BENGKEL MOBIL,Ds. Ender Cirebon,089 801496179,SYSTEM,-
59,TOKO AFIKA JAYA,Jl. Raya Duduksampean Gresik,-,SYSTEM,-
60,TOKO HMR,JL. Raya Pilang Sari KM.45 Jatibarang - Indramayu,081 21458,SYSTEM,-
61,CV. YONO MOTOR,JL. Ir. H. Juanda 95 Pasuruan,085 100733243,SYSTEM,-
62,REJEKI MOTOR,JL. Letjen Suprapto Waru,031 8665893,SYSTEM,-
63,TOKO BANGUNAN PASIR JAYA,RT. 05 RW. 02 (Dpn. Meiko I) Wedi Gedangan Sidoarjo,081 217830523,SYSTEM,-
64,TAMBAL BAN YANTO,JL. Rembang Lasem,-,SYSTEM,-
65,ADAS MOTOR,JL. Raya Nguling Pasuruan,0343 4506096,SYSTEM,-
66,TUNAS MAKMUR,-,-,SYSTEM,-
67,NEGARA MOTOR,JL. Ngurah Rai 28 Negara Bali,036 541388,SYSTEM,-
68,REMAJA JAYA,JL. Lingkar Kaliwungu Kendal,087 832224282,SYSTEM,-
69,TOKO BELLA,Jl. Raya Duduksampean Gresik,-,SYSTEM,-
70,PT. JUMBO POWER INTERNATIONAL,JL. Tidar No. 171 Sawahan Surabaya,-,SYSTEM,-
71,PUJI KARYA MOTOR,JL. Raya Bugis No.111 Pakis Malang,0821 39123219,SYSTEM,-
72,PT. MAIZA LUBRIKA,JL. Perak Timur 52 Lt.2 Surabaya,031 5012584,SYSTEM,-
73,USAHA BARU MOTOR,JL. Sendang Asri Lasem,082 227621894,SYSTEM,-
74,SUMBER AGUNG MOTOR,JL. Raya Leran Sluke,081 226976597,SYSTEM,-
75,EL ZHAFRAN GEAR,JL. Jeruk 4 No.29 Wage Sidoarjo,081 216349587,SYSTEM,-
76,CV. ROBIN JAYA,-,-,SYSTEM,-
77,TOKO ONDERDIL MOBIL,-,-,SYSTEM,-
78,TAMBAL BAN SIS,JL. Rembang - Lasem KM.04,-,SYSTEM,-
79,GRAHA HOSE,-,-,SYSTEM,-
80,TAMA TEKNIK,JL. Raya Pasar Kemis,085 219930031,SYSTEM,-
81,MEIKO ABADI I,Pergud. Meiko Abadi I Wedi Gedangan Sidoarjo,-,SYSTEM,-
82,KRSNFRD,-,-,SYSTEM,-
83,TOKO TERPAL JAYA BAROKAH,-,-,SYSTEM,-
84,JOYO MOTOR,JL. Raya Nginden 18B Surabaya,031 5056492,SYSTEM,-
85,ADI JAYA SENTOSA,Pandugo 7 No. 52 Surabaya,082 245774976,SYSTEM,-
86,MENANG JAYA MOTOR,JL. Sunandar Priyo Sudarmo No. 22 Malang,0341 486259,SYSTEM,-
87,UD. PALAPA CAHAYA MAKMUR,JL. Raden Saleh 14-4 Surabaya,081 328286965,SYSTEM,-
88,CV. MITRA TANGGUH MANDIRI,Sapphire Residence Blok 5E No.33 Prasung Buduran Sidoarjo,031-72826886 / 081326393405,SYSTEM,-
