id_vendorpart,id_part,id_vendor,harga_part,harga_sebelumnya_part,merk_part,satuan_part
1,1,1,830000,0,ASTRA,-
2,2,1,1100000,0,ASTRA,-
3,3,2,5000,0,-,-
4,3,3,0,0,-,-
5,4,4,55000,0,-,-
6,4,5,50000,0,-,-
7,5,4,0,0,-,-
8,6,6,35000,0,-,-
9,7,7,0,0,-,-
10,7,8,0,0,-,-
11,8,9,40000,0,-,-
12,9,10,210000,0,555,-
13,10,10,285000,0,555,-
14,11,11,0,0,-,-
15,12,12,185000,0,ANGKASA,-
16,13,12,275000,0,ANGKASA,-
17,14,13,0,0,GRAND PRIX,-
18,15,14,0,0,GAJAH TUNGGAL,-
19,16,12,285000,290000,ANGKASA,-
20,17,15,0,0,MILLENIUM,-
21,18,16,0,0,-,-
22,18,17,150000,0,-,-
23,19,18,145000,0,-,-
24,20,13,0,0,-,-
25,20,19,0,0,-,-
26,20,20,0,0,-,-
27,21,13,0,0,-,-
28,21,21,0,0,-,-
29,21,22,0,0,-,-
30,22,23,3610000,0,BRIDGESTONE,-
31,23,18,750000,0,GOOD YEAR,-
32,24,23,1650000,0,BRIDGESTONE,-
33,24,18,0,0,BRIDGESTONE,-
34,25,12,0,0,ANGKASA,-
35,26,18,0,0,SWALLOW,-
36,27,24,925000,0,-,-
37,27,25,900000,0,-,-
38,28,26,0,0,-,-
39,29,2,0,0,-,-
40,30,4,0,0,-,-
41,31,27,0,0,-,-
42,32,14,0,0,-,-
43,33,2,0,0,-,-
44,33,14,60000,0,-,-
45,33,28,60000,0,-,-
46,34,14,75000,0,-,-
47,35,27,5000,0,-,-
48,36,9,85000,0,-,-
49,37,10,380000,0,555,-
50,38,29,0,0,-,-
51,39,27,0,0,-,-
52,40,27,100000,0,-,-
53,41,10,105000,0,-,-
54,42,30,125000,0,-,-
55,43,10,0,0,-,-
56,44,6,0,0,AQUAPROOF,-
57,45,8,0,0,-,-
58,46,31,55000,0,NO DROP,-
59,46,31,65000,0,NO DROP,-
60,47,2,0,0,-,-
61,48,2,0,0,-,-
62,48,14,655000,0,-,-
63,49,32,0,0,-,-
64,50,33,17500000,0,NISSAN,-
65,52,34,1200000,0,-,-
66,53,10,0,0,-,-
67,54,14,320000,0,-,-
68,55,11,0,0,-,-
69,56,35,55000,0,X-REIN,-
70,57,2,0,0,-,-
71,58,4,0,0,-,-
72,59,10,85000,0,ASPIRA,-
73,60,4,100000,0,MITSUBISHI,-
74,61,10,35000,0,TOYOTA,-
75,61,36,0,0,-,-
76,61,4,35000,0,-,-
77,61,2,30000,0,-,-
78,62,4,0,0,HINO,-
79,62,14,160000,0,HINO,-
80,62,37,185000,0,HINO,-
81,63,10,177000,0,-,-
82,63,38,160000,0,MITSUBISHI,-
83,64,10,35000,0,TOYOTA,-
84,65,4,120000,0,SAKURA,-
85,65,14,120000,0,SAKURA,-
86,66,4,65000,0,MITSUBISHI,-
87,67,4,0,0,HINO,-
88,67,14,55000,0,HINO,-
89,68,4,70000,0,SAKURA,-
90,68,14,70000,0,SAKURA,-
91,69,4,55000,0,SAKURA,-
92,70,4,0,0,HINO,-
93,70,14,150000,0,HINO,-
94,71,4,50000,0,SAKURA,-
95,71,14,50000,0,SAKURA,-
96,72,38,110000,0,MITSUBISHI,-
97,73,4,0,0,-,-
98,73,2,225000,0,-,-
99,74,10,130000,0,-,-
100,75,39,0,0,-,-
101,76,40,0,0,-,-
102,77,40,0,0,-,-
103,78,4,0,0,-,-
104,78,2,225000,0,-,-
105,79,4,160000,0,-,-
106,80,10,0,0,-,-
107,81,2,0,0,-,-
108,82,14,265000,0,-,-
109,83,2,0,0,-,-
110,84,41,0,0,-,-
111,84,31,0,0,-,-
112,84,42,0,0,-,-
113,84,39,30000,0,-,-
114,84,39,25000,0,-,-
116,86,43,0,0,SINAR GLOBAL,-
117,87,43,0,0,-,-
118,88,42,30000,0,-,-
119,89,14,75000,0,-,-
120,90,27,0,0,-,-
121,91,2,0,0,-,-
122,92,44,0,0,-,-
123,93,45,0,0,-,-
124,93,36,0,0,-,-
125,93,4,0,0,-,-
126,93,46,8000,0,-,-
127,94,47,0,0,NATIONAL,-
128,94,48,0,0,NATIONAL,-
129,95,10,85000,0,-,-
130,95,1,75000,0,-,-
131,95,4,0,0,-,-
132,96,45,0,0,-,-
133,97,36,0,0,-,-
134,97,2,70000,0,-,-
135,98,49,0,0,-,-
136,99,50,12000,0,-,-
137,100,36,0,0,-,-
138,101,45,615000,0,MITSUBISHI,-
139,102,10,0,0,MITSUBISHI,-
140,103,51,0,0,-,-
141,104,28,350000,0,-,-
142,105,27,225000,0,-,-
143,106,2,0,0,-,-
144,106,14,675000,0,-,-
145,107,52,30000,0,-,-
146,108,4,0,0,-,-
147,109,4,20000,0,-,-
148,109,2,20000,0,-,-
149,109,4,15000,0,-,-
150,109,28,15000,0,-,-
151,110,53,0,0,SAIKEN,-
152,111,2,0,0,-,-
153,111,54,0,0,-,-
154,111,14,20000,0,-,-
155,111,2,0,0,-,-
156,111,4,20000,0,-,-
157,111,28,30000,0,-,-
158,112,28,35000,0,-,-
159,113,11,150000,0,-,-
160,114,2,20000,0,-,-
161,115,10,135000,0,-,-
162,116,55,150000,0,MARINA,-
163,117,55,250000,0,MARINA,-
164,118,28,225000,0,-,-
165,119,10,0,0,-,-
166,120,28,50000,0,-,-
167,121,47,0,0,-,-
168,122,1,50000,0,-,-
169,122,10,45000,0,-,-
170,123,14,15000,0,-,-
171,124,51,0,0,-,-
172,125,8,0,0,-,-
173,126,6,0,0,-,-
174,126,31,13000,0,-,-
175,126,31,10000,0,-,-
177,128,56,30000,0,-,-
178,129,57,185000,0,-,-
179,130,4,0,0,-,-
180,131,42,0,0,-,-
181,132,2,205000,0,-,-
182,132,28,250000,0,-,-
183,133,2,245000,0,-,-
184,133,28,215000,0,-,-
185,134,2,250000,0,-,-
186,135,10,0,0,-,-
187,135,45,185000,0,-,-
188,136,28,325000,0,-,-
189,137,2,0,0,-,-
190,138,58,750000,0,-,-
191,139,45,40000,0,-,-
192,140,14,0,0,-,-
193,141,14,0,0,-,-
194,142,14,0,0,-,-
195,143,14,0,0,KOYO,-
196,144,51,0,0,-,-
197,145,10,22500,0,-,-
198,146,10,14000,13000,PHILIPS,-
199,147,59,0,0,-,-
200,147,2,0,0,-,-
201,148,4,0,0,-,-
202,148,14,40000,0,-,-
203,149,2,50000,0,-,-
204,149,36,0,0,-,-
205,149,39,0,0,-,-
206,149,4,50000,45000,-,-
207,149,10,0,0,-,-
208,149,14,50000,0,-,-
209,150,60,0,0,PHILIPS,-
210,150,46,55000,0,PHILIPS,-
211,150,61,50000,0,PHILIPS,-
212,151,4,0,0,-,-
213,152,62,20000,0,-,-
214,153,10,10000,0,-,-
215,154,2,7500,0,-,-
216,154,48,0,0,-,-
217,154,46,6000,0,-,-
218,155,4,0,0,-,-
219,156,38,110000,0,-,-
220,157,2,0,0,-,-
221,157,6,0,0,-,-
222,157,63,0,0,-,-
223,158,6,33000,0,-,-
224,159,58,25000,0,RED,-
225,159,37,45000,0,RED,-
226,160,14,15000,0,-,-
227,161,36,0,0,-,-
228,161,51,0,0,-,-
229,162,20,0,0,-,-
230,162,18,0,0,-,-
231,163,12,63000,0,ANGKASA,-
232,164,13,0,0,GRAND PRIX,-
233,165,64,0,0,-,-
234,165,13,80000,125000,-,-
235,166,12,95000,85000,ANGKASA,-
236,167,15,0,0,DOUBLE BAN,-
237,168,65,155000,0,-,-
238,168,2,275000,0,-,-
239,169,2,375000,0,-,-
240,170,10,320000,0,-,-
241,171,10,0,0,-,-
242,172,66,350000,0,-,-
243,173,37,650000,0,-,-
244,173,66,555000,0,-,-
245,174,66,375000,0,-,-
246,175,66,635000,0,-,-
247,176,54,0,0,-,-
248,176,10,85000,0,-,-
249,176,67,70000,0,-,-
250,176,68,65000,0,-,-
251,177,10,40000,0,-,-
252,178,69,0,0,JUMBO,-
253,178,53,0,0,JUMBO,-
254,178,39,65000,0,JUMBO,-
255,179,70,839050,0,JUMBO,-
256,180,65,92000,0,PRESTONE,-
257,181,10,0,0,-,-
258,182,10,0,0,CASTROL,-
259,183,10,64000,0,PERTAMINA,-
260,184,4,258000,0,PERTAMINA,-
261,185,36,0,0,PERTAMINA,-
262,186,10,228000,0,PERTAMINA,-
263,186,2,0,0,PERTAMINA,-
264,186,51,0,0,PERTAMINA,-
265,187,2,0,0,PERTAMINA,-
266,187,14,0,0,PERTAMINA,-
267,188,4,0,0,PERTAMINA,-
268,188,14,0,0,PERTAMINA,-
269,189,39,30000,0,-,-
270,190,37,795000,0,-,-
271,191,36,0,0,SHELL,-
272,192,4,270000,0,SHELL,-
273,192,2,260000,0,SHELL,-
274,193,71,375000,0,SHELL,-
275,194,10,315000,0,SHELL,-
276,195,10,445000,0,PERTAMINA,-
277,196,72,6790000,0,PERTAMINA,-
278,197,10,240000,0,PERTAMINA,-
279,198,10,315000,0,PANAOIL,-
280,199,73,45000,0,-,-
281,200,74,0,0,-,-
282,201,36,0,0,-,-
283,202,30,750000,0,-,-
284,203,38,1200000,0,-,-
285,204,66,285000,0,-,-
286,205,14,50000,0,-,-
287,206,36,0,0,-,-
288,207,27,0,0,-,-
289,208,27,0,0,-,-
290,209,35,60000,0,X-REIN,-
291,210,45,0,0,-,-
292,211,27,0,0,-,-
293,212,27,0,0,-,-
294,213,2,0,0,-,-
295,214,9,900000,0,-,-
296,215,9,735000,0,-,-
297,216,9,580000,0,-,-
298,217,9,555000,0,-,-
299,218,2,0,0,-,-
300,219,4,60000,0,-,-
301,220,38,1350000,0,MITSUBISHI,-
302,221,4,50000,0,-,-
303,222,10,685000,0,555,-
304,223,35,55000,0,X-REIN,-
305,224,2,0,0,-,-
306,225,2,0,0,ND,-
307,226,75,15000,0,-,-
308,227,76,72150,0,-,-
309,228,2,0,0,-,-
310,229,31,0,0,-,-
311,230,36,325000,0,-,-
312,231,14,0,0,-,-
313,231,4,215000,0,-,-
314,232,2,275000,0,-,-
315,233,2,0,0,-,-
317,235,2,0,0,-,-
318,236,27,75000,0,-,-
319,237,38,1800000,0,MITSUBISHI,-
320,238,4,10000,0,-,-
321,238,28,20000,0,-,-
322,239,2,0,0,-,-
323,239,2,0,0,-,-
324,239,14,15000,0,-,-
325,240,2,0,0,-,-
326,241,77,0,0,-,-
327,242,68,75000,0,-,-
328,243,78,30000,0,-,-
329,244,27,70000,0,-,-
330,245,4,0,0,-,-
331,245,14,0,0,-,-
332,246,51,0,0,-,-
333,247,6,165000,0,-,-
334,248,67,300000,0,-,-
335,249,14,150000,0,-,-
336,250,79,0,0,-,-
337,251,80,0,0,-,-
338,252,40,0,0,-,-
339,253,40,0,0,-,-
340,254,14,170000,0,-,-
341,255,10,0,0,-,-
342,256,36,2050000,0,-,-
343,257,2,0,0,-,-
344,258,2,0,0,-,-
345,259,36,0,0,-,-
346,260,36,0,0,-,-
347,261,4,0,0,-,-
348,262,44,0,0,-,-
349,263,2,0,0,-,-
350,264,2,0,0,-,-
351,264,68,0,0,-,-
352,264,53,0,0,-,-
353,264,58,75000,0,-,-
354,264,28,70000,0,-,-
355,265,14,80000,0,KYODO YUSHI,-
356,265,2,74000,0,KYODO YUSHI,-
357,265,4,75000,0,KYODO YUSHI,-
358,266,10,0,0,TIMAC,-
359,267,28,75000,0,TOP 1,-
360,267,14,70000,75000,TOP 1,-
361,268,81,0,0,-,-
362,269,82,107500,0,-,-
363,270,82,147000,0,-,-
364,271,82,157000,0,-,-
365,272,82,25000,0,-,-
366,273,27,0,0,-,-
367,274,27,0,0,-,-
368,275,2,0,0,-,-
369,275,14,125000,0,-,-
370,276,2,0,0,-,-
371,277,2,0,0,-,-
372,278,14,0,0,-,-
373,279,36,0,0,-,-
374,280,67,10000,0,-,-
375,281,54,0,0,-,-
376,282,83,353500,0,-,-
377,283,83,1540000,0,-,-
378,284,42,0,0,-,-
379,285,10,0,0,-,-
380,286,8,0,0,-,-
381,287,2,0,0,-,-
382,288,6,0,0,-,-
383,289,84,23000,0,DNY,-
384,290,85,680000,0,-,-
385,291,38,485000,0,AISIN,-
386,292,2,0,0,-,-
387,293,28,330000,0,-,-
388,294,68,0,0,-,-
389,294,2,0,0,-,-
390,295,86,0,0,-,-
391,296,2,0,0,-,-
392,296,62,0,0,-,-
393,297,14,50000,0,-,-
394,298,2,0,0,MITSUBISHI,-
395,147,62,9000,0,-,-
396,299,62,15000,0,-,-
397,233,2,325000,0,-,-
398,231,2,225000,0,-,-
399,300,46,25000,0,-,-
400,3,46,8000,0,-,-
401,301,87,350000,0,TEKIRO,-
402,302,14,675000,0,-,-
403,303,6,180000,0,-,-
404,304,6,80000,0,-,-
405,60,14,100000,0,MITSUBISHI,-
406,66,14,65000,0,MITSUBISHI,-
407,69,14,55000,0,SAKURA,-
408,17,88,280000,0,MILLENIUM,-
409,167,88,90000,0,DOUBLE BAN,-
410,305,36,375000,0,-,-
411,306,36,450000,0,-,-
412,103,36,950000,0,-,-
413,144,36,475000,0,TNK,-
414,307,36,30000,0,-,-
415,157,36,30000,0,-,-
